"dive,U_DAC,V_DAC,start_time,end_time,start_latitude,end_latitude,start_longitude,end_longitude,dive_number"
"0,-0.06551481,0.024267599,2026-05-22 15:39:23,2026-05-22 15:55:41,47.834934,47.835217,-122.415016,-122.415,1"
"1,-0.0172733,-0.034475084,2026-05-22 16:06:40,2026-05-22 16:32:52,47.834568,47.833084,-122.41695,-122.41572,2"
"2,-0.024383396,0.007295773,2026-05-22 16:44:34,2026-05-22 17:15:52,47.831367,47.82987,-122.417435,-122.4163,3"
"3,0.002406316,0.066299036,2026-05-22 17:26:03,2026-05-22 17:57:04,47.8288,47.82815,-122.41721,-122.41552,4"
"4,-0.025360849,0.14571881,2026-05-22 18:12:41,2026-05-22 18:47:47,47.827534,47.8275,-122.4163,-122.41562,5"
"5,-0.047861565,0.14337644,2026-05-22 19:00:22,2026-05-22 19:54:33,47.82715,47.82625,-122.416466,-122.4175,6"
"6,-0.04881971,0.16916165,2026-05-22 20:07:46,2026-05-22 21:00:29,47.826916,47.8262,-122.41942,-122.4198,7"
"7,-0.061192367,0.07544237,2026-05-22 21:19:35,2026-05-22 22:13:52,47.82495,47.822285,-122.42315,-122.423164,8"
"8,-0.03490242,0.057257067,2026-05-22 22:23:11,2026-05-22 23:18:11,47.821182,47.81708,-122.4266,-122.423965,9"
"9,-0.028032036,-0.056754224,2026-05-22 23:23:59,2026-05-23 00:03:59,47.8163,47.8114,-122.42598,-122.4238,10"
"10,-0.017566476,-0.13462067,2026-05-23 00:09:17,2026-05-23 00:51:03,47.81072,47.80415,-122.42492,-122.42229,11"
"11,-0.0075065196,-0.23680812,2026-05-23 00:57:47,2026-05-23 01:43:16,47.803417,47.7932,-122.42343,-122.42005,12"
"12,0.052083824,-0.31800726,2026-05-23 01:50:53,2026-05-23 02:36:03,47.791935,47.780483,-122.421265,-122.41535,13"
"13,0.06930432,-0.3405673,2026-05-23 02:41:16,2026-05-23 03:23:52,47.7797,47.768383,-122.4155,-122.41035,14"
"14,0.04833486,-0.27196905,2026-05-23 03:30:59,2026-05-23 04:31:33,47.767017,47.7521,-122.410034,-122.410286,15"
"15,-0.0062423632,-0.19052432,2026-05-23 04:37:41,2026-05-23 05:22:41,47.75102,47.742783,-122.4106,-122.41525,16"
"16,-0.005518374,-0.18897717,2026-05-23 05:32:53,2026-05-23 06:25:47,47.741585,47.73123,-122.4152,-122.41997,17"
"17,0.004226896,-0.14751597,2026-05-23 06:33:52,2026-05-23 07:21:47,47.730217,47.722015,-122.4199,-122.42043,18"
"18,-0.04198404,-0.06475099,2026-05-23 07:29:11,2026-05-23 08:20:03,47.72175,47.714767,-122.41997,-122.423965,19"
"19,-0.030820636,-0.014832359,2026-05-23 08:28:11,2026-05-23 09:13:57,47.7149,47.709984,-122.4239,-122.4251,20"
"20,0.010485931,0.05864513,2026-05-23 09:19:28,2026-05-23 10:07:23,47.710083,47.706367,-122.424965,-122.42475,21"
"21,0.07163759,0.107226335,2026-05-23 10:14:59,2026-05-23 11:08:21,47.706833,47.7034,-122.42505,-122.4243,22"
"22,0.07495915,0.15116684,2026-05-23 11:18:22,2026-05-23 12:08:03,47.703835,47.70347,-122.42326,-122.4265,23"
"23,-0.008062037,0.06893435,2026-05-23 12:15:35,2026-05-23 12:59:35,47.703583,47.702084,-122.42658,-122.4331,24"
"24,-0.06608777,0.0100368,2026-05-23 13:07:28,2026-05-23 13:49:03,47.701885,47.69975,-122.43345,-122.4416,25"
"25,-0.060074434,0.0077708582,2026-05-23 13:54:10,2026-05-23 14:34:41,47.69945,47.7018,-122.442215,-122.441635,26"
"26,-0.07648624,-0.011747087,2026-05-23 14:40:17,2026-05-23 15:25:41,47.701668,47.705284,-122.44245,-122.440216,27"
"27,-0.0826233,-0.007087088,2026-05-23 15:33:04,2026-05-23 16:19:03,47.705532,47.707466,-122.44078,-122.43632,28"
"28,-0.057339434,-0.018142119,2026-05-23 16:26:41,2026-05-23 17:12:52,47.707916,47.70775,-122.436264,-122.43073,29"
"29,-0.042236894,0.028538173,2026-05-23 17:20:23,2026-05-23 18:05:17,47.7077,47.709618,-122.430084,-122.42547,30"
"30,-0.059483353,0.049584962,2026-05-23 18:10:29,2026-05-23 18:56:29,47.709534,47.7132,-122.4253,-122.4204,31"
"31,-0.023171514,0.09537629,2026-05-23 19:01:29,2026-05-23 19:47:17,47.71348,47.719017,-122.42008,-122.4191,32"
"32,0.0032800913,0.14406994,2026-05-23 19:54:59,2026-05-23 20:37:05,47.719166,47.725315,-122.41925,-122.4161,33"
"33,0.017033206,0.15165475,2026-05-23 20:42:16,2026-05-23 21:28:34,47.7257,47.7328,-122.41595,-122.41585,34"
"34,0.028128158,0.2079731,2026-05-23 21:34:16,2026-05-23 22:21:46,47.733234,47.742634,-122.4154,-122.41548,35"
"35,-0.005364166,0.23855187,2026-05-23 22:29:46,2026-05-23 23:18:51,47.743484,47.75385,-122.41515,-122.417465,36"
"36,-0.03150308,0.17890221,2026-05-23 23:26:52,2026-05-24 00:16:27,47.754684,47.763935,-122.4173,-122.41873,37"
"37,-0.04259155,0.11740407,2026-05-24 00:22:05,2026-05-24 01:06:59,47.764465,47.7716,-122.41793,-122.41983,38"
"38,-0.014403852,-0.010719099,2026-05-24 01:14:23,2026-05-24 01:56:53,47.772133,47.776134,-122.41932,-122.41988,39"
"39,-0.006260416,-0.09862675,2026-05-24 02:01:53,2026-05-24 02:44:41,47.776234,47.77825,-122.419586,-122.41842,40"
"40,-0.012589761,-0.18047276,2026-05-24 02:52:04,2026-05-24 03:36:23,47.777733,47.7778,-122.41887,-122.41669,41"
"41,0.032153215,-0.13859788,2026-05-24 03:43:52,2026-05-24 04:28:28,47.776783,47.776318,-122.4171,-122.414566,42"
"42,0.023698458,-0.12635341,2026-05-24 04:38:47,2026-05-24 05:26:05,47.7743,47.7742,-122.41534,-122.41351,43"
"43,-0.022801954,-0.047310088,2026-05-24 05:33:53,2026-05-24 06:21:23,47.7727,47.77463,-122.414116,-122.41468,44"
"44,-0.029209936,-0.016860355,2026-05-24 06:29:34,2026-05-24 07:13:58,47.773632,47.77785,-122.41595,-122.41627,45"
"45,-0.03749959,0.1476521,2026-05-24 07:21:28,2026-05-24 08:03:10,47.777733,47.783867,-122.41673,-122.41635,46"
"46,0.011475885,0.2013849,2026-05-24 08:10:52,2026-05-24 08:56:59,47.784,47.79135,-122.41748,-122.41325,47"
"47,0.044513438,0.3351923,2026-05-24 09:05:05,2026-05-24 09:41:41,47.791466,47.799034,-122.41382,-122.409615,48"
"48,0.048148282,0.38059583,2026-05-24 09:46:35,2026-05-24 10:25:33,47.79907,47.8088,-122.4097,-122.4074,49"
"49,-0.018490719,0.23479152,2026-05-24 10:30:42,2026-05-24 11:17:22,47.808765,47.81613,-122.40797,-122.40775,50"
"50,-0.0767007,0.1864795,2026-05-24 11:24:58,2026-05-24 11:59:28,47.815968,47.822,-122.4099,-122.409615,51"
"51,-0.02563007,0.22577652,2026-05-24 12:04:52,2026-05-24 13:11:03,47.82145,47.830166,-122.41157,-122.41295,52"
"52,0.014918204,0.19939402,2026-05-24 13:17:47,2026-05-24 14:23:59,47.829834,47.8375,-122.4152,-122.41423,53"
"53,0.07463462,0.09322202,2026-05-24 14:30:53,2026-05-24 15:38:58,47.836666,47.840733,-122.41732,-122.412186,54"
"54,0.20737462,-0.018378848,2026-05-24 15:45:47,2026-05-24 16:59:17,47.83975,47.839367,-122.415016,-122.40218,55"
"55,0.039500523,-0.05087899,2026-05-24 17:25:29,2026-05-24 17:44:16,47.836567,47.8358,-122.4107,-122.40963,56"
"56,0.08841352,-0.19037025,2026-05-24 17:55:28,2026-05-24 18:23:51,47.835083,47.832,-122.41288,-122.41055,57"
"57,0.05238785,-0.119191095,2026-05-24 18:28:10,2026-05-24 18:54:47,47.831783,47.8298,-122.41155,-122.4098,58"
"58,0.002309328,-0.13443747,2026-05-24 18:59:10,2026-05-24 19:36:05,47.82965,47.824417,-122.410484,-122.41,59"
"59,0.00820306,-0.060938943,2026-05-24 19:41:23,2026-05-24 20:13:41,47.823982,47.8211,-122.41045,-122.4095,60"
"60,-0.06926295,-0.027492,2026-05-24 20:18:22,2026-05-24 20:54:16,47.821033,47.817165,-122.41019,-122.41217,61"
"61,-0.07708415,0.028343694,2026-05-24 20:59:17,2026-05-24 21:37:52,47.81725,47.813984,-122.41317,-122.41618,62"
"62,-0.03331184,-0.01594767,2026-05-24 21:42:47,2026-05-24 22:25:29,47.813835,47.8103,-122.41703,-122.41773,63"
"63,0.008810931,0.02954377,2026-05-24 22:30:29,2026-05-24 23:14:33,47.810635,47.8083,-122.417816,-122.41625,64"
"64,0.07610524,0.06693902,2026-05-24 23:22:23,2026-05-25 00:06:59,47.80913,47.80765,-122.41673,-122.41233,65"
"65,0.07616677,0.010875993,2026-05-25 00:12:10,2026-05-25 00:53:05,47.80785,47.8053,-122.41254,-122.40835,66"
"66,0.043738198,-0.09535544,2026-05-25 00:58:22,2026-05-25 01:33:27,47.8056,47.801968,-122.40865,-122.405785,67"
"67,0.01404236,-0.00050935673,2026-05-25 01:38:11,2026-05-25 02:07:52,47.802383,47.800915,-122.40577,-122.403564,68"
"68,-0.181496,0.018483289,2026-05-25 02:12:40,2026-05-25 02:37:59,47.801033,47.801167,-122.40328,-122.40752,69"
"69,-0.14518455,-0.019664535,2026-05-25 02:42:17,2026-05-25 03:01:04,47.8013,47.800915,-122.40733,-122.40985,70"
"70,-0.19897382,-0.0008038287,2026-05-25 03:04:53,2026-05-25 03:42:59,47.80105,47.8011,-122.4098,-122.41676,71"
"71,-0.16087903,-0.024550918,2026-05-25 03:48:05,2026-05-25 04:27:33,47.80095,47.8007,-122.41631,-122.42247,72"
"72,0.054483946,-0.27258107,2026-05-25 04:32:53,2026-05-25 05:23:47,47.80028,47.787766,-122.42187,-122.4171,73"
"73,0.091365576,-0.29437754,2026-05-25 05:31:34,2026-05-25 06:16:23,47.78785,47.777966,-122.41663,-122.412285,74"
"74,0.036213018,-0.24015938,2026-05-25 06:24:33,2026-05-25 07:13:40,47.77833,47.768284,-122.4117,-122.410614,75"
"75,-0.0149348285,-0.08714859,2026-05-25 07:21:22,2026-05-25 08:06:03,47.7688,47.76255,-122.410065,-122.4138,76"
"76,-0.05383507,0.019283006,2026-05-25 08:11:34,2026-05-25 08:50:58,47.763084,47.760616,-122.413635,-122.41935,77"
"77,0.034562036,0.09188232,2026-05-25 08:58:05,2026-05-25 09:37:47,47.761566,47.7599,-122.419815,-122.4161,78"
"78,-0.008264161,0.1662981,2026-05-25 09:43:29,2026-05-25 10:32:10,47.76125,47.760334,-122.41645,-122.4163,79"
"79,0.0128717385,0.24041864,2026-05-25 10:38:29,2026-05-25 11:26:10,47.761932,47.762985,-122.41627,-122.413765,80"
"80,0.027434375,0.24120386,2026-05-25 11:34:10,2026-05-25 12:25:34,47.7654,47.766666,-122.4133,-122.40925,81"
"81,-0.00537411,0.22357509,2026-05-25 12:33:28,2026-05-25 13:22:10,47.768883,47.7693,-122.407936,-122.40687,82"
"82,-0.016535278,0.16482209,2026-05-25 13:32:27,2026-05-25 14:12:35,47.77165,47.771217,-122.40642,-122.40608,83"
"83,-0.0017661375,0.10103381,2026-05-25 14:17:47,2026-05-25 14:51:46,47.772335,47.77105,-122.4059,-122.40462,84"
"84,-0.028368264,0.0779253,2026-05-25 14:57:03,2026-05-25 15:35:16,47.771885,47.770733,-122.40495,-122.409134,85"
"85,0.048535388,-0.015314312,2026-05-25 15:40:16,2026-05-25 16:19:47,47.771484,47.76775,-122.40868,-122.406586,86"
"86,-0.04171828,-0.06484142,2026-05-25 16:24:58,2026-05-25 17:07:29,47.76832,47.764584,-122.40597,-122.412766,87"
"87,-0.020253653,-0.12879051,2026-05-25 17:12:53,2026-05-25 17:56:46,47.765118,47.758118,-122.4127,-122.41703,88"
"88,0.018504698,-0.1181499,2026-05-25 18:04:57,2026-05-25 18:48:58,47.759033,47.752934,-122.4166,-122.41613,89"
"89,0.05542349,-0.11405696,2026-05-25 18:54:11,2026-05-25 19:51:59,47.753616,47.74395,-122.41637,-122.419266,90"
"90,0.023061281,-0.14436139,2026-05-25 19:58:10,2026-05-25 21:00:29,47.7448,47.7337,-122.4188,-122.421814,91"
"91,0.013329798,-0.08469949,2026-05-25 21:06:52,2026-05-25 21:59:40,47.73455,47.72703,-122.42073,-122.42139,92"
"92,-0.0020570143,-0.016294923,2026-05-25 22:08:04,2026-05-25 22:57:22,47.72843,47.722816,-122.42001,-122.42308,93"
"93,-0.025905687,0.02606454,2026-05-25 23:05:11,2026-05-25 23:54:53,47.7243,47.720165,-122.42135,-122.42613,94"
"94,-0.030781757,0.04699878,2026-05-26 00:03:10,2026-05-26 00:50:57,47.722183,47.719482,-122.42433,-122.4294,95"
"95,-0.021626398,0.04455848,2026-05-26 00:56:29,2026-05-26 01:47:03,47.720882,47.71705,-122.428116,-122.4316,96"
"96,-0.048252977,0.012583297,2026-05-26 01:55:11,2026-05-26 02:42:29,47.719215,47.71555,-122.43038,-122.43494,97"
"97,-0.07435939,-0.03028778,2026-05-26 02:47:47,2026-05-26 03:35:33,47.717033,47.711468,-122.434235,-122.43745,98"
"98,-0.057540435,-0.08739817,2026-05-26 03:43:17,2026-05-26 04:27:34,47.712982,47.707283,-122.43718,-122.435165,99"
"99,-0.09674993,-0.074399084,2026-05-26 04:32:53,2026-05-26 05:13:17,47.70775,47.704884,-122.4353,-122.43262,100"
"100,-0.120856725,-0.121193744,2026-05-26 05:18:24,2026-05-26 06:07:17,47.7049,47.700916,-122.433716,-122.431015,101"
"101,-0.22352163,-0.16994934,2026-05-26 06:15:10,2026-05-26 07:04:58,47.70075,47.69245,-122.43245,-122.44397,102"
"102,-0.20155248,-0.10321919,2026-05-26 07:12:46,2026-05-26 08:03:33,47.692432,47.685234,-122.44565,-122.458084,103"
"103,-0.15661405,-0.0062464997,2026-05-26 08:11:28,2026-05-26 09:10:58,47.685665,47.690334,-122.45953,-122.46065,104"
"104,-0.09101674,0.09975498,2026-05-26 09:17:33,2026-05-26 10:06:47,47.691067,47.696583,-122.46145,-122.45965,105"
"105,0.0066927685,0.16759579,2026-05-26 10:17:28,2026-05-26 11:01:58,47.698467,47.7038,-122.4599,-122.45423,106"
"106,0.04250051,0.23479238,2026-05-26 11:09:52,2026-05-26 11:52:04,47.705482,47.712868,-122.4539,-122.449234,107"
"107,0.10881288,0.27120444,2026-05-26 11:57:33,2026-05-26 12:42:27,47.7143,47.721066,-122.448715,-122.439,108"
"108,0.08037291,0.2514392,2026-05-26 12:47:52,2026-05-26 13:50:23,47.722717,47.733032,-122.43765,-122.425865,109"
"109,0.078074835,0.28350684,2026-05-26 13:56:29,2026-05-26 14:55:04,47.734734,47.747917,-122.42437,-122.42005,110"
"110,-0.009876419,0.24185885,2026-05-26 15:01:22,2026-05-26 15:55:27,47.74943,47.76085,-122.41932,-122.42365,111"
"111,-0.056335025,0.10986473,2026-05-26 16:04:22,2026-05-26 16:44:16,47.762615,47.767616,-122.42367,-122.427666,112"
"112,0.021429213,0.036192305,2026-05-26 16:49:35,2026-05-26 17:27:59,47.76845,47.76845,-122.42782,-122.42128,113"
"113,0.06538425,-0.06468359,2026-05-26 17:32:59,2026-05-26 18:15:04,47.768883,47.76605,-122.42133,-122.41272,114"
"114,0.0735604,-0.15061733,2026-05-26 18:20:11,2026-05-26 19:05:22,47.766167,47.760483,-122.41255,-122.40328,115"
"115,-0.01426445,-0.13144857,2026-05-26 19:10:40,2026-05-26 20:00:23,47.7603,47.758385,-122.40317,-122.40995,116"
"116,0.00964686,-0.09150272,2026-05-26 20:08:10,2026-05-26 20:54:17,47.75825,47.75942,-122.41005,-122.414734,117"
"117,-0.002405987,0.004472923,2026-05-26 21:02:04,2026-05-26 21:35:40,47.759567,47.76215,-122.41548,-122.417564,118"
"118,-0.012554295,0.10055909,2026-05-26 21:40:53,2026-05-26 22:15:22,47.76235,47.767082,-122.41763,-122.418564,119"
"119,-0.040690757,0.20369224,2026-05-26 22:20:33,2026-05-26 22:54:28,47.76755,47.774,-122.418884,-122.41853,120"
"120,-0.039881885,0.17980936,2026-05-26 22:59:10,2026-05-26 23:32:46,47.7743,47.780716,-122.41825,-122.419266,121"
"121,-0.0540052,0.20946409,2026-05-26 23:37:41,2026-05-27 00:10:46,47.781116,47.78768,-122.41955,-122.42049,122"
"122,-0.032576565,0.16555934,2026-05-27 00:15:59,2026-05-27 00:47:58,47.787918,47.793518,-122.42083,-122.4217,123"
"123,-0.03512528,0.18803082,2026-05-27 00:52:29,2026-05-27 01:27:11,47.793232,47.7992,-122.42191,-122.42049,124"
"124,0.028842678,0.22050518,2026-05-27 01:32:17,2026-05-27 02:05:17,47.798866,47.80355,-122.42094,-122.4162,125"
"125,-0.006316664,0.15856703,2026-05-27 02:10:10,2026-05-27 02:42:58,47.80353,47.80915,-122.4163,-122.41631,126"
"126,-0.05150779,0.0880986,2026-05-27 02:47:46,2026-05-27 03:21:23,47.80895,47.8135,-122.416664,-122.41805,127"
"127,-0.07553741,0.03755231,2026-05-27 03:26:17,2026-05-27 04:00:41,47.813232,47.81685,-122.41865,-122.422386,128"
"128,-0.12413987,-0.021177368,2026-05-27 04:05:41,2026-05-27 04:38:21,47.816666,47.81848,-122.423485,-122.4295,129"
"129,-0.0999765,-0.031806897,2026-05-27 04:43:05,2026-05-27 05:14:58,47.817966,47.81945,-122.431114,-122.43588,130"
"130,-0.083195694,-0.05146543,2026-05-27 05:19:46,2026-05-27 05:49:52,47.819466,47.82085,-122.43735,-122.44043,131"
"131,-0.02908464,-0.036258627,2026-05-27 05:54:16,2026-05-27 06:24:33,47.820835,47.822784,-122.44145,-122.441536,132"
"132,0.035904575,-0.044419255,2026-05-27 06:29:12,2026-05-27 06:58:59,47.822983,47.82403,-122.44247,-122.43927,133"
"133,0.016250899,-0.035438675,2026-05-27 07:03:23,2026-05-27 07:32:59,47.82425,47.825283,-122.43978,-122.43667,134"
"134,0.0074223913,0.0067738015,2026-05-27 07:37:28,2026-05-27 08:08:47,47.82515,47.827015,-122.43808,-122.43495,135"
"135,0.026125493,0.08209053,2026-05-27 08:13:35,2026-05-27 08:45:29,47.82745,47.829983,-122.43622,-122.43177,136"
"136,-0.012892678,0.111389495,2026-05-27 08:50:23,2026-05-27 09:21:33,47.830235,47.83375,-122.43304,-122.43095,137"
"137,-0.085683614,0.09511297,2026-05-27 09:25:52,2026-05-27 09:54:59,47.834015,47.836483,-122.43218,-122.43518,138"
"138,-0.094336905,0.115265846,2026-05-27 09:59:23,2026-05-27 10:28:04,47.83687,47.83988,-122.43655,-122.4401,139"
"139,-0.09656152,0.06257771,2026-05-27 10:32:51,2026-05-27 11:04:40,47.840282,47.838665,-122.44175,-122.44405,140"
"140,-0.13963066,0.17634036,2026-05-27 11:09:16,2026-05-27 11:42:52,47.839317,47.840134,-122.44545,-122.44773,141"
"141,-0.08780972,0.17488757,2026-05-27 11:47:22,2026-05-27 12:34:03,47.841015,47.84178,-122.44885,-122.448135,142"
"142,-0.16763435,0.2811852,2026-05-27 12:39:10,2026-05-27 13:12:53,47.842617,47.846516,-122.44932,-122.4495,143"
"143,-0.23615922,0.26509646,2026-05-27 13:20:52,2026-05-27 13:52:23,47.847717,47.85108,-122.45202,-122.4548,144"
"144,-0.25633523,0.3196435,2026-05-27 13:56:47,2026-05-27 14:27:35,47.851482,47.854465,-122.45695,-122.46015,145"
"145,-0.20384537,0.34254915,2026-05-27 14:32:11,2026-05-27 15:03:53,47.85525,47.860382,-122.46215,-122.46347,146"
"146,-0.15786572,0.28634337,2026-05-27 15:08:35,2026-05-27 15:41:16,47.861317,47.865116,-122.46563,-122.46595,147"
"147,-0.009758637,0.19070594,2026-05-27 15:45:58,2026-05-27 16:31:52,47.865833,47.868217,-122.46805,-122.46072,148"
"148,-0.0688851,-0.086884625,2026-05-27 16:39:58,2026-05-27 17:27:10,47.86875,47.861916,-122.46381,-122.46713,149"
"149,0.04327763,-0.2497281,2026-05-27 17:35:05,2026-05-27 18:29:04,47.86175,47.849117,-122.470184,-122.46715,150"
"150,0.09336405,-0.31685314,2026-05-27 18:36:58,2026-05-27 19:23:17,47.849,47.83645,-122.4691,-122.46463,151"
"151,0.16761522,-0.33291966,2026-05-27 19:33:16,2026-05-27 20:21:33,47.8364,47.8238,-122.46705,-122.45755,152"
"152,0.1824243,-0.25655204,2026-05-27 20:29:41,2026-05-27 21:14:03,47.82345,47.81465,-122.457565,-122.44675,153"
"153,0.13521197,-0.15675087,2026-05-27 21:21:34,2026-05-27 22:00:40,47.815166,47.8092,-122.446335,-122.43985,154"
"154,0.10810519,-0.079510815,2026-05-27 22:05:47,2026-05-27 22:47:23,47.809868,47.805218,-122.43975,-122.43248,155"
"155,0.088399746,0.06502486,2026-05-27 22:52:46,2026-05-27 23:33:17,47.80595,47.808117,-122.43215,-122.4243,156"
"156,0.06930543,0.04816557,2026-05-27 23:38:16,2026-05-28 00:17:59,47.808483,47.807217,-122.424065,-122.4184,157"
"157,0.09492258,0.08195219,2026-05-28 00:24:41,2026-05-28 01:07:03,47.807365,47.807068,-122.41808,-122.4101,158"
"158,0.08628562,0.09362964,2026-05-28 01:14:41,2026-05-28 01:51:41,47.807034,47.805935,-122.41022,-122.40459,159"
"159,0.036039222,0.04581056,2026-05-28 01:56:34,2026-05-28 02:27:59,47.805767,47.805016,-122.40504,-122.401436,160"
"160,-0.04194428,-0.036237456,2026-05-28 02:32:23,2026-05-28 02:57:03,47.80485,47.803616,-122.401886,-122.40141,161"
"161,-0.05228239,-0.044065267,2026-05-28 03:00:53,2026-05-28 03:26:40,47.803383,47.803165,-122.40158,-122.403786,162"
"162,-0.06393209,0.027854651,2026-05-28 03:30:53,2026-05-28 03:55:53,47.80295,47.803684,-122.40403,-122.4073,163"
"163,-0.031844184,0.078027494,2026-05-28 03:59:59,2026-05-28 04:32:41,47.803467,47.805367,-122.40755,-122.41245,164"
"164,-0.07034856,0.0155080715,2026-05-28 04:40:05,2026-05-28 05:20:04,47.805332,47.8052,-122.41305,-122.42087,165"
"165,-0.057285294,-0.014030894,2026-05-28 05:25:10,2026-05-28 06:10:04,47.805035,47.8091,-122.4214,-122.42498,166"
"166,-0.05113821,-0.051760413,2026-05-28 06:17:53,2026-05-28 06:59:16,47.80805,47.811115,-122.42658,-122.42817,167"
"167,-0.033201754,-0.0667051,2026-05-28 07:04:29,2026-05-28 07:51:41,47.810783,47.81385,-122.42905,-122.42962,168"
"168,0.06895743,-0.1522052,2026-05-28 07:59:41,2026-05-28 08:40:03,47.81375,47.8067,-122.4304,-122.42509,169"
"169,0.026010748,-0.109569475,2026-05-28 08:48:16,2026-05-28 09:21:29,47.806984,47.801765,-122.42555,-122.42388,170"
"170,0.03629437,-0.094416685,2026-05-28 09:27:41,2026-05-28 09:59:05,47.80225,47.7979,-122.4239,-122.42197,171"
"171,0.016985081,-0.057908144,2026-05-28 10:04:17,2026-05-28 10:36:34,47.798035,47.794235,-122.42165,-122.4211,172"
"172,0.04074361,0.035484612,2026-05-28 10:41:10,2026-05-28 11:11:16,47.794384,47.79305,-122.42094,-122.4184,173"
"173,0.009311166,0.112900704,2026-05-28 11:15:46,2026-05-28 11:46:59,47.79335,47.79295,-122.4183,-122.416916,174"
"174,0.011576757,0.2181205,2026-05-28 11:51:35,2026-05-28 12:20:59,47.7934,47.79395,-122.416916,-122.41725,175"
"175,-0.019157888,0.29716274,2026-05-28 12:25:35,2026-05-28 12:58:10,47.794834,47.79645,-122.4171,-122.41797,176"
"176,0.011392166,0.32785496,2026-05-28 13:07:17,2026-05-28 13:39:28,47.798584,47.800617,-122.4181,-122.417786,177"
"177,0.014926157,0.27626875,2026-05-28 13:44:35,2026-05-28 14:17:29,47.802032,47.8037,-122.41748,-122.41665,178"
"178,0.020223977,0.27851638,2026-05-28 14:22:22,2026-05-28 15:06:33,47.804832,47.8055,-122.41631,-122.4155,179"
"179,0.045919277,0.23188247,2026-05-28 15:11:46,2026-05-28 15:59:47,47.80595,47.806366,-122.41562,-122.41077,180"
"180,-0.01522053,0.109405,2026-05-28 16:07:47,2026-05-28 16:46:59,47.8072,47.805183,-122.41092,-122.41333,181"
"181,-0.012720371,0.0989263,2026-05-28 16:52:23,2026-05-28 17:44:35,47.805782,47.803734,-122.413635,-122.42163,182"
"182,0.0076881913,-0.03365231,2026-05-28 17:52:35,2026-05-28 18:43:52,47.8038,47.799717,-122.42195,-122.43128,183"
"183,0.020288818,-0.19877905,2026-05-28 18:52:23,2026-05-28 19:57:17,47.799232,47.784966,-122.43214,-122.4271,184"
"184,0.039193504,-0.26367202,2026-05-28 20:03:52,2026-05-28 21:02:52,47.783985,47.7738,-122.427536,-122.41645,185"
"185,0.0811734,-0.2654543,2026-05-28 21:09:11,2026-05-28 21:57:57,47.772984,47.7633,-122.41665,-122.40645,186"
"186,0.05098277,-0.17340939,2026-05-28 22:05:29,2026-05-28 23:05:47,47.76153,47.749065,-122.40663,-122.404564,187"
"187,0.017280724,-0.09715324,2026-05-28 23:14:58,2026-05-29 00:16:03,47.7481,47.738667,-122.40425,-122.40795,188"
"188,0.0043143025,0.00581237,2026-05-29 00:24:59,2026-05-29 01:16:23,47.73765,47.731834,-122.407616,-122.4133,189"
"189,-0.0014260198,0.017113281,2026-05-29 01:24:33,2026-05-29 02:24:17,47.731632,47.72615,-122.41325,-122.419785,190"
"190,-0.034012027,0.047655445,2026-05-29 02:30:35,2026-05-29 03:26:03,47.726368,47.722534,-122.41945,-122.4279,191"
"191,0.0013030916,0.066572346,2026-05-29 03:32:11,2026-05-29 04:18:52,47.722683,47.72015,-122.4275,-122.4284,192"
"192,-0.014336297,0.07684329,2026-05-29 04:24:23,2026-05-29 05:11:11,47.720284,47.7202,-122.428085,-122.434364,193"
"193,-0.014075847,-0.0138439415,2026-05-29 05:18:35,2026-05-29 06:06:04,47.7202,47.717365,-122.43363,-122.43097,194"
"194,-0.062397562,0.0026296088,2026-05-29 06:11:16,2026-05-29 06:54:46,47.71723,47.719635,-122.431335,-122.4373,195"
"195,-0.05708225,-0.008363377,2026-05-29 07:00:22,2026-05-29 07:53:29,47.719666,47.717133,-122.43743,-122.431015,196"
"196,-0.073205404,-0.0018115989,2026-05-29 08:01:11,2026-05-29 08:45:41,47.7172,47.717785,-122.43217,-122.42782,197"
"197,-0.10254819,-0.039941136,2026-05-29 08:53:35,2026-05-29 09:49:27,47.7181,47.722485,-122.4284,-122.42554,198"
"198,-0.038035903,-0.022732275,2026-05-29 09:55:29,2026-05-29 10:52:16,47.72265,47.72625,-122.42505,-122.41988,199"
"199,0.013082231,0.041825574,2026-05-29 10:58:10,2026-05-29 11:56:03,47.726818,47.733833,-122.419136,-122.41335,200"
"200,0.023064595,0.14425202,2026-05-29 12:02:10,2026-05-29 12:57:22,47.734283,47.74465,-122.41203,-122.413536,201"
"201,-0.053708695,0.25048164,2026-05-29 13:03:17,2026-05-29 14:00:58,47.744934,47.7591,-122.41299,-122.417534,202"
"202,-0.047966853,0.29715863,2026-05-29 14:07:10,2026-05-29 14:54:34,47.760418,47.7629,-122.41752,-122.41859,203"
"203,-0.098858066,0.3142384,2026-05-29 15:02:29,2026-05-29 16:02:33,47.764683,47.781033,-122.418365,-122.42545,204"
"204,-0.035215303,0.219445,2026-05-29 16:14:17,2026-05-29 17:05:34,47.783833,47.795883,-122.42464,-122.4266,205"
"205,0.00997978,-0.07937456,2026-05-29 17:16:52,2026-05-29 18:10:33,47.797134,47.799168,-122.424385,-122.42513,206"
"206,-0.024837786,0.038721927,2026-05-29 18:16:35,2026-05-29 19:14:36,47.80538,47.812366,-122.42738,-122.42789,207"
"207,-0.021473426,-0.05867349,2026-05-29 19:20:58,2026-05-29 20:15:40,47.812817,47.815716,-122.42772,-122.42845,208"
"208,-0.017635752,-0.16066661,2026-05-29 20:23:11,2026-05-29 21:12:29,47.815666,47.817116,-122.42983,-122.429535,209"
"209,0.031447206,-0.10968451,2026-05-29 21:20:23,2026-05-29 22:08:46,47.81725,47.818733,-122.43031,-122.42886,210"
"210,0.05947768,-0.07281572,2026-05-29 22:16:47,2026-05-29 23:06:03,47.81915,47.821117,-122.42942,-122.42688,211"
"211,0.05674461,-0.0013741471,2026-05-29 23:13:59,2026-05-30 00:06:23,47.820683,47.82498,-122.42661,-122.426216,212"
"212,0.020446856,0.10414188,2026-05-30 00:15:40,2026-05-30 01:06:47,47.824135,47.8308,-122.42627,-122.42838,213"
"213,0.029775558,0.14750525,2026-05-30 01:13:03,2026-05-30 02:10:03,47.83103,47.838818,-122.42793,-122.4306,214"
"214,-0.015732026,0.022995444,2026-05-30 02:16:17,2026-05-30 03:13:33,47.8385,47.83478,-122.4303,-122.432365,215"
"215,-0.04314692,0.056079715,2026-05-30 03:19:40,2026-05-30 04:12:59,47.833916,47.830185,-122.4323,-122.4354,216"
"216,-0.049639225,0.050959643,2026-05-30 04:20:47,2026-05-30 05:16:10,47.828785,47.82475,-122.4371,-122.43495,217"
"217,0.031438593,0.01963339,2026-05-30 05:21:58,2026-05-30 06:17:47,47.823566,47.820118,-122.43705,-122.430984,218"
"218,0.014596419,-0.037094805,2026-05-30 06:24:03,2026-05-30 07:17:29,47.819332,47.814533,-122.43311,-122.4283,219"
"219,0.032004334,-0.11975516,2026-05-30 07:25:23,2026-05-30 08:22:59,47.813168,47.80538,-122.43097,-122.42522,220"
"220,0.013888013,-0.09488037,2026-05-30 08:29:16,2026-05-30 09:30:22,47.80485,47.79537,-122.42645,-122.420715,221"
"221,0.053559784,-0.11830987,2026-05-30 09:36:46,2026-05-30 10:39:03,47.79495,47.784115,-122.4212,-122.415436,222"
"222,0.004935801,-0.058549616,2026-05-30 10:45:28,2026-05-30 11:46:46,47.783783,47.777134,-122.414986,-122.41534,223"
"223,-0.025885314,0.04256535,2026-05-30 11:53:23,2026-05-30 12:53:03,47.776985,47.77345,-122.4152,-122.416885,224"
"224,-0.030926881,0.20640741,2026-05-30 13:01:34,2026-05-30 14:03:58,47.773582,47.773365,-122.41715,-122.4174,225"
"225,-0.053100273,0.285891,2026-05-30 14:10:16,2026-05-30 15:07:33,47.77392,47.776882,-122.41765,-122.41732,226"
"226,-0.05837564,0.30434686,2026-05-30 15:15:47,2026-05-30 16:13:46,47.778,47.781067,-122.41695,-122.41859,227"
"227,-0.031897206,0.18870653,2026-05-30 16:20:03,2026-05-30 17:17:40,47.782,47.78265,-122.418686,-122.41873,228"
"228,-0.027155206,0.120681636,2026-05-30 17:24:10,2026-05-30 18:21:21,47.783615,47.780933,-122.41911,-122.418015,229"
"229,0.0070910817,-0.085746996,2026-05-30 18:27:16,2026-05-30 19:33:52,47.78163,47.771233,-122.41835,-122.41637,230"
"230,0.037454434,-0.25912312,2026-05-30 19:40:23,2026-05-30 20:36:47,47.77165,47.7582,-122.41605,-122.415886,231"
"231,0.039398447,-0.33846202,2026-05-30 20:45:52,2026-05-30 21:45:46,47.7574,47.742035,-122.41593,-122.418236,232"
"232,-0.1425773,-0.34001464,2026-05-30 21:51:59,2026-05-30 22:55:33,47.740616,47.724815,-122.4184,-122.43253,233"
"233,-0.102633744,-0.20582065,2026-05-30 23:02:04,2026-05-30 23:48:03,47.72375,47.719215,-122.4321,-122.43093,234"
"234,-0.12719575,-0.12482216,2026-05-30 23:56:41,2026-05-31 00:44:33,47.7171,47.7169,-122.430984,-122.43103,235"
"235,-0.07636149,-0.032609276,2026-05-31 00:55:11,2026-05-31 01:46:22,47.7148,47.715935,-122.431465,-122.42667,236"
"236,-0.07600552,0.009460635,2026-05-31 01:54:11,2026-05-31 02:58:03,47.715282,47.721516,-122.42685,-122.42545,237"
"237,-0.027404377,0.037956584,2026-05-31 03:05:11,2026-05-31 04:09:03,47.72145,47.72935,-122.425835,-122.42245,238"
"238,0.07464006,0.066805184,2026-05-31 04:16:05,2026-05-31 05:16:29,47.729885,47.73168,-122.422485,-122.41845,239"
"239,0.056033462,0.08309979,2026-05-31 05:26:34,2026-05-31 06:24:03,47.73215,47.734566,-122.41908,-122.41547,240"
"240,0.053447478,0.09587116,2026-05-31 06:33:52,2026-05-31 07:34:41,47.73475,47.744465,-122.415985,-122.415565,241"
"241,-0.039759345,0.041836493,2026-05-31 07:41:23,2026-05-31 08:48:11,47.745068,47.753666,-122.416016,-122.42118,242"
"242,-0.04362026,-0.011675532,2026-05-31 08:55:04,2026-05-31 10:01:03,47.753468,47.7605,-122.421486,-122.41987,243"
"243,-0.042899348,-0.03531336,2026-05-31 10:07:41,2026-05-31 11:06:58,47.759884,47.76502,-122.41943,-122.41852,244"
"244,-0.040491033,0.0120072365,2026-05-31 11:13:28,2026-05-31 12:00:53,47.7638,47.76825,-122.41904,-122.4177,245"
"245,-0.06094735,0.1389391,2026-05-31 12:08:34,2026-05-31 13:07:23,47.76755,47.778316,-122.41814,-122.42045,246"
"246,-0.039876435,0.23741955,2026-05-31 13:13:29,2026-05-31 14:09:34,47.778584,47.791065,-122.42049,-122.42323,247"
"247,-0.04511055,0.3027437,2026-05-31 14:15:46,2026-05-31 15:18:21,47.791935,47.8082,-122.42278,-122.42643,248"
"248,-0.06840839,0.28302822,2026-05-31 15:25:05,2026-05-31 16:22:41,47.808468,47.8228,-122.42633,-122.430435,249"
"249,-0.18239908,0.20733541,2026-05-31 16:28:47,2026-05-31 17:12:28,47.82287,47.832115,-122.43083,-122.43597,250"
"250,-0.11797402,0.19564858,2026-05-31 17:19:59,2026-05-31 18:18:04,47.83103,47.83795,-122.44017,-122.43723,251"
"251,-0.016624128,0.052915193,2026-05-31 18:24:28,2026-05-31 19:17:35,47.83782,47.83573,-122.44047,-122.433685,252"
"252,-0.04833315,0.020144297,2026-05-31 19:23:46,2026-05-31 20:03:05,47.835766,47.837482,-122.43629,-122.43187,253"
"253,-0.011225578,-0.053443287,2026-05-31 20:08:16,2026-05-31 20:51:35,47.8365,47.838215,-122.433365,-122.4287,254"
"254,0.07366194,-0.17114224,2026-05-31 20:57:05,2026-05-31 21:50:33,47.838165,47.82715,-122.43035,-122.424614,255"
"255,0.053727128,-0.20359054,2026-05-31 21:58:41,2026-05-31 22:49:11,47.826317,47.815018,-122.42602,-122.42387,256"
"256,0.041946203,-0.23917629,2026-05-31 22:59:41,2026-06-01 00:01:28,47.814568,47.799915,-122.4242,-122.42167,257"
"257,0.035981275,-0.16262181,2026-06-01 00:07:53,2026-06-01 01:14:34,47.79915,47.785133,-122.42115,-122.417435,258"
"258,0.010664834,-0.14084233,2026-06-01 01:21:17,2026-06-01 02:19:27,47.783783,47.773518,-122.417114,-122.41537,259"
"259,0.015619363,-0.009690985,2026-06-01 02:25:34,2026-06-01 03:10:22,47.772034,47.768482,-122.41555,-122.4114,260"
"260,-0.049246967,0.06570255,2026-06-01 03:15:35,2026-06-01 04:26:59,47.7677,47.763317,-122.41164,-122.41721,261"
"261,-0.05792707,0.1188847,2026-06-01 04:33:35,2026-06-01 05:34:28,47.762135,47.760418,-122.417465,-122.41893,262"
"262,-0.0450068,0.07672345,2026-06-01 05:40:34,2026-06-01 06:46:17,47.760017,47.756718,-122.41973,-122.4197,263"
"263,-0.032250613,0.07204127,2026-06-01 06:54:59,2026-06-01 07:58:40,47.755817,47.751266,-122.421036,-122.4198,264"
"264,-0.006203554,-0.00033226277,2026-06-01 08:05:11,2026-06-01 09:15:21,47.751534,47.74445,-122.42005,-122.420265,265"
"265,0.06597201,-0.16102514,2026-06-01 09:21:47,2026-06-01 10:29:35,47.7446,47.730568,-122.42004,-122.41821,266"
"266,-0.0020947445,-0.117788024,2026-06-01 10:36:28,2026-06-01 11:46:34,47.729935,47.720284,-122.41777,-122.42727,267"
"267,-0.052017644,-0.07139081,2026-06-01 11:53:46,2026-06-01 12:42:51,47.719116,47.71315,-122.42658,-122.43163,268"
"268,-0.04061018,0.066995196,2026-06-01 12:50:23,2026-06-01 14:02:22,47.712067,47.722965,-122.4316,-122.43062,269"
"269,0.06864907,0.19760308,2026-06-01 14:09:40,2026-06-01 15:23:03,47.722366,47.738167,-122.43063,-122.421684,270"
"270,-0.031891204,0.35229045,2026-06-01 15:30:17,2026-06-01 16:46:27,47.7386,47.7607,-122.421936,-122.4246,271"
"271,-0.068592824,0.35421622,2026-06-01 16:53:46,2026-06-01 17:41:59,47.762016,47.771267,-122.42505,-122.4201,272"
"272,-0.1003468,0.24866815,2026-06-01 17:50:22,2026-06-01 18:51:05,47.77285,47.787582,-122.420586,-122.42498,273"
"273,-0.077620074,0.04297816,2026-06-01 18:57:35,2026-06-01 19:57:51,47.788517,47.796516,-122.4257,-122.427185,274"
"274,-0.06552571,-0.09763822,2026-06-01 20:04:40,2026-06-01 21:08:03,47.7954,47.79895,-122.427765,-122.42882,275"
"275,-0.03992932,-0.23539886,2026-06-01 21:14:35,2026-06-01 22:17:29,47.797916,47.797,-122.42992,-122.42942,276"
"276,-0.05693823,-0.29095668,2026-06-01 22:23:53,2026-06-01 23:21:33,47.7956,47.794033,-122.43045,-122.4313,277"
"277,,,2026-06-01 23:32:58,2026-06-02 00:13:11,47.7916,47.791817,-122.43103,-122.43183,278"
"278,,,2026-06-02 00:18:53,2026-06-02 00:18:53,47.791,47.791,-122.431366,-122.431366,279"
"279,,,2026-06-02 00:18:53,2026-06-02 01:09:35,47.791,47.79162,-122.431366,-122.43177,280"
"280,0.0053625903,-0.08215501,2026-06-02 01:31:05,2026-06-02 02:42:17,47.787785,47.792767,-122.43203,-122.43185,281"
"281,0.01076095,0.030442419,2026-06-02 02:49:47,2026-06-02 03:54:52,47.792168,47.800316,-122.43214,-122.43169,282"
"282,0.018283844,0.056826826,2026-06-02 04:01:47,2026-06-02 04:42:17,47.800083,47.80562,-122.43185,-122.43128,283"
"283,-0.0072430563,0.075207025,2026-06-02 04:47:23,2026-06-02 05:25:05,47.8055,47.8097,-122.43166,-122.43388,284"
"284,0.074412964,0.17283557,2026-06-02 05:30:23,2026-06-02 06:20:57,47.81072,47.820835,-122.434,-122.43075,285"
"285,0.078698024,0.11806442,2026-06-02 06:28:58,2026-06-02 07:08:41,47.821384,47.82785,-122.4308,-122.43058,286"
"286,0.008109345,0.058010817,2026-06-02 07:14:04,2026-06-02 07:51:53,47.828083,47.832367,-122.43062,-122.431816,287"
"287,-0.05205091,0.05090974,2026-06-02 07:56:58,2026-06-02 08:37:40,47.832165,47.83732,-122.43265,-122.434265,288"
"288,-0.032446362,0.07422898,2026-06-02 08:43:10,2026-06-02 09:16:33,47.837666,47.8396,-122.43498,-122.43185,289"
"289,-0.0072401073,-0.060688175,2026-06-02 09:21:05,2026-06-02 10:00:17,47.83995,47.83547,-122.43214,-122.42925,290"
"290,0.00807408,-0.07401333,2026-06-02 10:05:40,2026-06-02 10:44:29,47.835567,47.830566,-122.42892,-122.42793,291"
"291,0.04806054,-0.063201725,2026-06-02 10:51:58,2026-06-02 11:29:29,47.830967,47.8266,-122.42762,-122.42612,292"
"292,0.074097045,-0.044647027,2026-06-02 11:34:52,2026-06-02 12:11:47,47.8268,47.82313,-122.42602,-122.42437,293"
"293,0.08371045,-0.012965323,2026-06-02 12:17:04,2026-06-02 12:54:58,47.82345,47.820366,-122.42413,-122.42285,294"
"294,0.073190644,0.058445603,2026-06-02 12:59:41,2026-06-02 13:36:34,47.820835,47.81855,-122.42233,-122.421814,295"
"295,0.07967151,0.09395342,2026-06-02 13:41:35,2026-06-02 14:19:53,47.81875,47.817368,-122.420685,-122.420166,296"
"296,0.039287224,0.15836637,2026-06-02 14:25:47,2026-06-02 15:03:29,47.817684,47.81755,-122.41911,-122.41983,297"
"297,0.03296196,0.19386451,2026-06-02 15:08:41,2026-06-02 15:49:28,47.81777,47.818466,-122.418884,-122.41897,298"
"298,0.003001085,0.18756652,2026-06-02 15:54:40,2026-06-02 16:31:29,47.818516,47.81945,-122.41866,-122.417786,299"
"299,0.0062655825,0.1849212,2026-06-02 16:38:59,2026-06-02 17:17:11,47.81945,47.819935,-122.41873,-122.41745,300"
"300,-0.0063941567,0.1464479,2026-06-02 17:22:28,2026-06-02 18:02:04,47.8202,47.82005,-122.417885,-122.417,301"
"301,0.0017072691,0.10779242,2026-06-02 18:07:29,2026-06-02 18:44:17,47.82005,47.818867,-122.41742,-122.416214,302"
"302,-0.024135403,0.09832107,2026-06-02 18:49:23,2026-06-02 19:30:23,47.81855,47.823933,-122.41675,-122.42142,303"
"303,,,2026-06-02 19:36:11,2026-06-02 20:14:47,47.82365,47.825733,-122.42197,-122.423416,304"
"304,,,2026-06-02 20:28:03,2026-06-02 21:10:28,47.824482,47.818684,-122.42561,-122.42337,305"
"305,0.019148322,-0.19317612,2026-06-02 21:25:34,2026-06-02 22:06:40,47.817017,47.809,-122.42588,-122.42365,306"
"306,0.00015989177,-0.26360428,2026-06-02 22:14:59,2026-06-02 22:56:57,47.808083,47.7987,-122.425064,-122.42315,307"
"307,0.0070523033,-0.2951911,2026-06-02 23:02:28,2026-06-02 23:44:17,47.7979,47.787884,-122.4236,-122.420334,308"
"308,0.051416136,-0.2968898,2026-06-02 23:51:23,2026-06-03 00:31:52,47.78735,47.778084,-122.42049,-122.41595,309"
"309,0.06051982,-0.25504038,2026-06-03 00:37:27,2026-06-03 01:15:23,47.7778,47.769283,-122.416,-122.4121,310"
"310,0.018279389,-0.19662414,2026-06-03 01:20:22,2026-06-03 02:00:33,47.76875,47.76185,-122.41213,-122.41482,311"
"311,0.004220252,-0.07581675,2026-06-03 02:05:35,2026-06-03 02:50:11,47.760883,47.76525,-122.415016,-122.41705,312"
"312,-0.015908679,0.10582836,2026-06-03 02:57:53,2026-06-03 03:48:23,47.7659,47.773766,-122.41745,-122.41893,313"
"313,0.010220415,0.10428024,2026-06-03 03:58:59,2026-06-03 04:36:53,47.77392,47.779568,-122.419,-122.419914,314"
"314,-0.013742267,0.14671375,2026-06-03 04:44:23,2026-06-03 05:22:53,47.77905,47.786034,-122.41985,-122.42157,315"
"315,-0.0052668476,0.18340237,2026-06-03 05:28:16,2026-06-03 06:12:04,47.7859,47.79445,-122.42185,-122.423065,316"
"316,-0.0066968594,0.15010232,2026-06-03 06:17:28,2026-06-03 06:54:58,47.794983,47.801533,-122.42374,-122.42455,317"
"317,-0.01295995,0.11629306,2026-06-03 07:00:11,2026-06-03 08:01:40,47.801617,47.812084,-122.424866,-122.425865,318"
"318,-0.014572403,0.04182434,2026-06-03 08:08:04,2026-06-03 09:05:17,47.812134,47.818565,-122.4263,-122.42727,319"
"319,0.031961918,0.0019046715,2026-06-03 09:11:29,2026-06-03 10:09:59,47.818134,47.824333,-122.42827,-122.426834,320"
"320,0.051782664,0.012020932,2026-06-03 10:16:22,2026-06-03 11:07:22,47.824566,47.829918,-122.42745,-122.4272,321"
"321,-0.028940424,0.0018587951,2026-06-03 11:15:17,2026-06-03 12:13:59,47.830967,47.8357,-122.427086,-122.43408,322"
"322,0.006494654,0.044949017,2026-06-03 12:21:04,2026-06-03 13:02:35,47.83675,47.839783,-122.43405,-122.4302,323"
"323,-0.022191817,0.009461305,2026-06-03 13:08:28,2026-06-03 13:52:34,47.84038,47.837166,-122.429634,-122.433464,324"
"324,-0.024954014,0.12586913,2026-06-03 13:58:03,2026-06-03 14:39:29,47.83795,47.84235,-122.43273,-122.42937,325"
"325,-0.13070507,0.14446141,2026-06-03 14:45:05,2026-06-03 15:45:33,47.843132,47.850468,-122.429,-122.42623,326"
"326,-0.20100015,0.14015332,2026-06-03 15:51:52,2026-06-03 16:49:16,47.85113,47.85515,-122.426735,-122.426636,327"
"327,-0.2935044,0.10343745,2026-06-03 16:55:35,2026-06-03 17:48:03,47.855885,47.857567,-122.42745,-122.429115,328"
"328,-0.19451016,0.09686513,2026-06-03 17:54:34,2026-06-03 18:47:05,47.8581,47.858917,-122.430084,-122.42917,329"
"329,-0.07391597,0.09640021,2026-06-03 18:53:29,2026-06-03 19:49:10,47.859734,47.859634,-122.43062,-122.423485,330"
"330,0.013358343,0.003939835,2026-06-03 19:55:46,2026-06-03 21:04:04,47.860416,47.85507,-122.42413,-122.41513,331"
"331,0.13726936,0.04044819,2026-06-03 21:13:11,2026-06-03 22:02:41,47.856216,47.854034,-122.414215,-122.40313,332"
"332,0.13358091,0.009954879,2026-06-03 22:10:23,2026-06-03 23:05:28,47.855167,47.849167,-122.40207,-122.3933,333"
"333,0.12236618,0.034766775,2026-06-03 23:11:41,2026-06-04 00:09:40,47.8501,47.8449,-122.3925,-122.385765,334"
"334,0.081527136,0.061261315,2026-06-04 00:16:28,2026-06-04 01:15:23,47.845818,47.841633,-122.384636,-122.38403,335"
"335,0.100432634,0.055349395,2026-06-04 01:21:53,2026-06-04 02:08:59,47.842484,47.839584,-122.383286,-122.38245,336"
"336,0.1000887,0.10207322,2026-06-04 02:16:53,2026-06-04 03:13:33,47.8398,47.847935,-122.38115,-122.383736,337"
"337,0.05553428,0.13056187,2026-06-04 03:19:47,2026-06-04 04:17:33,47.848,47.856567,-122.38233,-122.38644,338"
"338,-0.022968344,0.114667706,2026-06-04 04:26:41,2026-06-04 05:23:29,47.85625,47.8647,-122.38495,-122.39201,339"
"339,-0.09127539,0.06919635,2026-06-04 05:30:33,2026-06-04 06:10:29,47.865166,47.869415,-122.39153,-122.39575,340"
"340,-0.08044136,0.09903527,2026-06-04 06:16:16,2026-06-04 06:52:33,47.869984,47.872684,-122.396286,-122.394485,341"
"341,-0.025038037,0.03652083,2026-06-04 06:58:10,2026-06-04 07:49:59,47.873615,47.871235,-122.39523,-122.38928,342"
"342,-0.004417038,-0.0020022134,2026-06-04 08:00:58,2026-06-04 08:52:11,47.87415,47.8704,-122.38987,-122.38395,343"
"343,0.049869455,-0.011236672,2026-06-04 09:00:23,2026-06-04 09:55:33,47.8716,47.867634,-122.38335,-122.37418,344"
"344,0.0423189,-0.029606823,2026-06-04 10:01:40,2026-06-04 10:56:05,47.86835,47.8628,-122.37358,-122.366615,345"
"345,0.00794168,-0.028869465,2026-06-04 11:02:04,2026-06-04 11:47:23,47.863266,47.858818,-122.36639,-122.363,346"
"346,0.0030741484,0.00012443014,2026-06-04 11:53:10,2026-06-04 12:44:28,47.858917,47.855534,-122.36387,-122.35813,347"
"347,-0.040523395,0.024736583,2026-06-04 12:52:29,2026-06-04 13:55:05,47.855118,47.85625,-122.3598,-122.371185,348"
"348,-0.04775502,0.026575224,2026-06-04 14:01:47,2026-06-04 14:56:03,47.856434,47.857067,-122.37182,-122.38187,349"
"349,-0.07643335,0.051544666,2026-06-04 15:05:29,2026-06-04 16:01:35,47.857334,47.8576,-122.3831,-122.39443,350"
"350,-0.124090105,0.07249529,2026-06-04 16:07:41,2026-06-04 16:55:28,47.857685,47.8586,-122.39495,-122.40638,351"
"351,-0.166288,0.047593907,2026-06-04 17:03:11,2026-06-04 17:46:21,47.859615,47.85745,-122.4066,-122.41323,352"
"352,-0.13425173,0.08665615,2026-06-04 17:51:41,2026-06-04 18:30:28,47.858116,47.858517,-122.41399,-122.41282,353"
"353,-0.13907689,0.0051195105,2026-06-04 18:35:35,2026-06-04 19:13:23,47.858982,47.857117,-122.41335,-122.412315,354"
"354,-0.12503076,0.028867071,2026-06-04 19:19:17,2026-06-04 19:59:10,47.856415,47.85585,-122.414734,-122.413,355"
"355,-0.05573801,0.03636308,2026-06-04 20:06:16,2026-06-04 20:49:23,47.855167,47.85395,-122.41593,-122.41103,356"
"356,0.025286568,0.010625355,2026-06-04 21:00:29,2026-06-04 21:45:05,47.8527,47.850468,-122.41552,-122.40868,357"
"357,0.05757042,-0.0057841786,2026-06-04 21:52:47,2026-06-04 22:36:17,47.849766,47.847233,-122.4112,-122.40315,358"
"358,0.06204239,-0.022827044,2026-06-04 22:41:41,2026-06-04 23:27:10,47.846615,47.843685,-122.404884,-122.39632,359"
"359,0.06430944,0.0077790692,2026-06-04 23:38:47,2026-06-05 00:25:23,47.84225,47.84155,-122.399536,-122.390114,360"
"360,0.053693935,0.030715365,2026-06-05 00:33:29,2026-06-05 01:14:29,47.840668,47.84038,-122.39201,-122.38367,361"
"361,0.017817492,0.025813438,2026-06-05 01:19:41,2026-06-05 02:04:51,47.8399,47.844917,-122.3847,-122.38635,362"
"362,0.015542936,0.07168969,2026-06-05 02:15:34,2026-06-05 02:57:29,47.84375,47.849865,-122.3882,-122.3893,363"
"363,-0.0145780165,0.2723701,2026-06-05 03:05:29,2026-06-05 03:52:11,47.848984,47.85808,-122.390015,-122.39108,364"
"364,-0.083726496,0.22650933,2026-06-05 04:00:17,2026-06-05 04:42:23,47.857285,47.864685,-122.39132,-122.39473,365"
"365,-0.06467645,0.18726605,2026-06-05 04:50:05,2026-06-05 05:31:57,47.8638,47.86995,-122.39533,-122.39585,366"
"366,-0.017387068,0.08824784,2026-06-05 05:37:28,2026-06-05 06:20:22,47.869267,47.8724,-122.3972,-122.394585,367"
"367,-0.03356347,0.026832705,2026-06-05 06:26:28,2026-06-05 07:12:17,47.871483,47.873016,-122.3965,-122.39443,368"
"368,-0.033953566,0.032638438,2026-06-05 07:17:23,2026-06-05 08:03:17,47.872135,47.873966,-122.396385,-122.394035,369"
"369,-0.038744904,0.011727734,2026-06-05 08:09:16,2026-06-05 08:55:51,47.8729,47.873783,-122.39668,-122.39455,370"
"370,0.00071264466,0.023277102,2026-06-05 09:03:52,2026-06-05 09:48:40,47.871918,47.873085,-122.39817,-122.39463,371"
"371,0.01614227,0.039968975,2026-06-05 09:56:54,2026-06-05 10:41:52,47.8712,47.87315,-122.39822,-122.394615,372"
"372,0.044017576,0.08853983,2026-06-05 10:47:16,2026-06-05 11:31:46,47.872135,47.875267,-122.39688,-122.392,373"
"373,0.08660629,-0.05654084,2026-06-05 11:37:46,2026-06-05 12:22:27,47.87415,47.8716,-122.394585,-122.38842,374"
"374,0.115886375,-0.021412695,2026-06-05 12:28:03,2026-06-05 13:10:17,47.870632,47.8689,-122.390564,-122.38385,375"
"375,0.06979609,-0.066622965,2026-06-05 13:15:46,2026-06-05 13:58:10,47.86838,47.8655,-122.38527,-122.3805,376"
"376,0.08931171,-0.026319874,2026-06-05 14:03:17,2026-06-05 14:43:33,47.865135,47.863483,-122.38175,-122.37587,377"
"377,0.06812266,-0.025416087,2026-06-05 14:49:34,2026-06-05 15:33:03,47.86335,47.8614,-122.37732,-122.372185,378"
"378,0.078698896,-0.016377833,2026-06-05 15:38:34,2026-06-05 16:21:53,47.8618,47.85998,-122.373116,-122.367615,379"
"379,0.079072826,-0.049517307,2026-06-05 16:27:29,2026-06-05 17:08:53,47.86067,47.85795,-122.36767,-122.36275,380"
"380,0.047086205,-0.047451776,2026-06-05 17:14:06,2026-06-05 17:47:03,47.8587,47.856117,-122.36245,-122.35995,381"
"381,-0.06554397,-0.0031647382,2026-06-05 17:51:58,2026-06-05 18:34:12,47.8568,47.8562,-122.35982,-122.3677,382"
"382,-0.090623245,-0.03041557,2026-06-05 18:39:40,2026-06-05 19:20:10,47.856533,47.855618,-122.36688,-122.37538,383"
"383,-0.06728569,-0.012385997,2026-06-05 19:25:23,2026-06-05 20:05:04,47.855885,47.856018,-122.3747,-122.38264,384"
"384,-0.04884214,0.021348536,2026-06-05 20:10:35,2026-06-05 20:52:46,47.856583,47.85735,-122.38185,-122.38948,385"
"385,-0.043589324,0.04263877,2026-06-05 20:58:28,2026-06-05 21:40:53,47.85825,47.858334,-122.38858,-122.39543,386"
"386,-0.01605312,0.03885246,2026-06-05 21:46:40,2026-06-05 22:28:03,47.859432,47.858784,-122.39433,-122.40035,387"
"387,0.03742543,0.046264913,2026-06-05 22:33:52,2026-06-05 23:13:41,47.859818,47.85903,-122.3989,-122.40287,388"
"388,0.09756811,0.05763886,2026-06-05 23:19:28,2026-06-05 23:59:10,47.85972,47.859085,-122.4015,-122.404,389"
"389,0.15059634,0.05374464,2026-06-06 00:04:53,2026-06-06 00:46:27,47.85995,47.85935,-122.40224,-122.40297,390"
"390,0.08379622,0.025425302,2026-06-06 00:51:59,2026-06-06 01:34:03,47.859,47.858383,-122.4017,-122.4037,391"
"391,0.079769164,0.09392407,2026-06-06 01:40:05,2026-06-06 02:19:41,47.85735,47.85885,-122.403435,-122.406,392"
"392,0.14734899,0.13262427,2026-06-06 02:25:46,2026-06-06 03:16:27,47.857834,47.85935,-122.40608,-122.4072,393"
"393,0.012476911,0.14254294,2026-06-06 03:23:17,2026-06-06 04:08:33,47.859,47.860416,-122.40836,-122.41254,394"
"394,0.06385557,0.06735885,2026-06-06 04:16:23,2026-06-06 05:12:53,47.859917,47.855915,-122.415016,-122.409386,395"
"395,0.0030245043,0.08251172,2026-06-06 05:19:58,2026-06-06 06:10:46,47.855984,47.85435,-122.41103,-122.4065,396"
"396,0.02456323,0.08307622,2026-06-06 06:19:28,2026-06-06 07:08:58,47.855133,47.853115,-122.407234,-122.4023,397"
"397,-0.0040560584,0.054341592,2026-06-06 07:17:10,2026-06-06 08:10:22,47.854317,47.85105,-122.40183,-122.3982,398"
"398,-0.023534654,0.013131109,2026-06-06 08:19:52,2026-06-06 09:12:46,47.852566,47.848118,-122.39772,-122.3946,399"
"399,-0.050772086,0.0295964,2026-06-06 09:20:41,2026-06-06 10:15:51,47.849117,47.844883,-122.3954,-122.390366,400"
"400,-3.939095e-05,-0.01594523,2026-06-06 10:22:41,2026-06-06 11:19:47,47.845734,47.8413,-122.39055,-122.38448,401"
"401,0.03277968,0.013040524,2026-06-06 11:26:29,2026-06-06 12:10:22,47.8421,47.838585,-122.38364,-122.379486,402"
"402,-0.030155675,-0.022443743,2026-06-06 12:22:16,2026-06-06 13:18:23,47.83955,47.84485,-122.3772,-122.38368,403"
"403,0.014424109,0.020007787,2026-06-06 13:24:46,2026-06-06 14:21:33,47.845432,47.852333,-122.38198,-122.38372,404"
"404,-0.0016356986,0.05919699,2026-06-06 14:27:59,2026-06-06 15:21:53,47.852783,47.8591,-122.382385,-122.3858,405"
"405,-0.015295902,0.040811975,2026-06-06 15:31:11,2026-06-06 16:22:33,47.859783,47.865868,-122.38515,-122.390114,406"
"406,-0.06470277,0.06527405,2026-06-06 16:34:11,2026-06-06 17:13:53,47.867233,47.8716,-122.3909,-122.39578,407"
"407,-0.04109282,0.052725833,2026-06-06 17:19:23,2026-06-06 17:56:33,47.87232,47.874134,-122.395966,-122.39256,408"
"408,-0.070017286,-0.021523384,2026-06-06 18:01:53,2026-06-06 18:52:46,47.8753,47.8707,-122.392815,-122.3889,409"
"409,-0.10851084,-0.050115254,2026-06-06 19:04:41,2026-06-06 19:55:17,47.871433,47.86585,-122.38982,-122.39857,410"
"410,-0.08052291,-0.007689008,2026-06-06 20:03:28,2026-06-06 20:54:46,47.8676,47.86265,-122.39737,-122.40612,411"
"411,-0.07821595,-0.042934217,2026-06-06 21:03:03,2026-06-06 21:59:23,47.864582,47.857933,-122.40538,-122.41257,412"
"412,0.02290112,0.058347713,2026-06-06 22:05:52,2026-06-06 22:48:53,47.859085,47.8564,-122.41182,-122.41335,413"
"413,0.027848365,-0.060331028,2026-06-06 22:54:47,2026-06-06 23:49:03,47.8577,47.85255,-122.41247,-122.41375,414"
"414,0.023015054,-0.07145376,2026-06-06 23:56:22,2026-06-07 00:53:52,47.853767,47.848816,-122.4124,-122.41582,415"
"415,0.08000442,-0.05149669,2026-06-07 01:00:16,2026-06-07 01:57:17,47.84973,47.846184,-122.41493,-122.416885,416"
"416,0.11603566,-0.027059838,2026-06-07 02:04:21,2026-06-07 03:00:29,47.846966,47.845184,-122.416,-122.41682,417"
"417,0.1504574,0.015685374,2026-06-07 03:07:03,2026-06-07 04:01:33,47.846,47.8459,-122.41603,-122.41648,418"
"418,0.21349742,0.05620217,2026-06-07 04:08:05,2026-06-07 04:54:47,47.84665,47.847366,-122.41541,-122.416466,419"
"419,0.05109019,0.03338273,2026-06-07 05:02:47,2026-06-07 05:57:29,47.848167,47.84755,-122.41534,-122.419,420"
"420,0.056384683,0.11612034,2026-06-07 06:03:59,2026-06-07 06:56:04,47.8489,47.848083,-122.4188,-122.42402,421"
"421,-0.11642159,0.05963555,2026-06-07 07:04:05,2026-06-07 08:10:27,47.85075,47.849068,-122.42402,-122.43335,422"
"422,-0.18472,0.014976239,2026-06-07 08:18:10,2026-06-07 09:27:33,47.85087,47.846416,-122.43508,-122.44645,423"
"423,-0.10077236,0.058161903,2026-06-07 09:34:40,2026-06-07 10:52:03,47.847767,47.843815,-122.44718,-122.453285,424"
"424,-0.05967791,-0.013823314,2026-06-07 10:59:34,2026-06-07 12:05:52,47.8454,47.840015,-122.45315,-122.4567,425"
"425,0.005798631,-0.1263073,2026-06-07 12:13:22,2026-06-07 13:13:03,47.84038,47.832016,-122.45585,-122.4582,426"
"426,-0.032290008,-0.14689504,2026-06-07 13:19:35,2026-06-07 14:24:47,47.8317,47.82465,-122.4582,-122.46543,427"
"427,0.048983663,-0.20656446,2026-06-07 14:31:35,2026-06-07 15:30:03,47.825134,47.81473,-122.46522,-122.46297,428"
"428,0.042628814,-0.18436016,2026-06-07 15:36:40,2026-06-07 16:31:54,47.81525,47.806183,-122.463264,-122.46111,429"
"429,0.04882358,-0.09147637,2026-06-07 16:38:17,2026-06-07 17:29:33,47.80715,47.80097,-122.46142,-122.4587,430"
"430,0.061073616,-0.01561978,2026-06-07 17:38:10,2026-06-07 18:37:41,47.802784,47.798565,-122.45882,-122.4527,431"
"431,0.055620026,0.010494302,2026-06-07 18:44:16,2026-06-07 19:50:21,47.799984,47.79608,-122.45245,-122.44615,432"
